"id","gender","age","occupation","income","purchased_bike","payment"
12496,"Female",42,"Skilled Manual",40000,"No        ","0"
14177,"Male",60,"Professional",80000,"No        ","0"
24381,"Male",41,"Professional",70000,"Yes       ","0"
25597,"Male",36,"Clerical",30000,"Yes       ","0"
13507,"Female",50,"Manual",10000,"No        ","0"
27974,"Male",33,"Management",160000,"Yes       ","0"
19364,"Male",43,"Skilled Manual",40000,"Yes       ","0"
22155,"Male",58,"Clerical",20000,"No        ","0"
19280,"Male",48,"Manual",20000,"Yes       ","0"
22173,"Female",54,"Skilled Manual",30000,"Yes       ","0"
12697,"Female",36,"Professional",90000,"No        ","0"
11434,"Male",55,"Professional",170000,"No        ","0"
25323,"Male",35,"Clerical",40000,"Yes       ","0"
23542,"Male",45,"Skilled Manual",60000,"Yes       ","0"
20870,"Female",38,"Manual",10000,"Yes       ","0"
23316,"Male",59,"Clerical",30000,"Yes       ","0"
12610,"Female",47,"Clerical",30000,"No        ","0"
27183,"Male",35,"Clerical",40000,"Yes       ","0"
25940,"Male",55,"Clerical",20000,"Yes       ","0"
25598,"Female",36,"Clerical",40000,"Yes       ","0"
21564,"Female",35,"Professional",80000,"No        ","0"
19193,"Male",35,"Clerical",40000,"Yes       ","0"
26412,"Female",56,"Management",80000,"No        ","0"
27184,"Male",34,"Clerical",40000,"No        ","0"
12590,"Male",63,"Clerical",30000,"No        ","0"
17841,"Male",29,"Clerical",30000,"Yes       ","0"
18283,"Female",40,"Professional",100000,"No        ","0"
18299,"Male",44,"Skilled Manual",70000,"No        ","0"
16466,"Female",32,"Manual",20000,"Yes       ","0"
19273,"Female",63,"Manual",20000,"No        ","0"
22400,"Male",26,"Manual",10000,"Yes       ","0"
20942,"Female",31,"Manual",20000,"No        ","0"
18484,"Male",50,"Skilled Manual",80000,"Yes       ","0"
12291,"Male",62,"Professional",90000,"Yes       ","0"
28380,"Female",41,"Manual",10000,"No        ","0"
17891,"Female",50,"Manual",10000,"Yes       ","0"
27832,"Female",30,"Clerical",30000,"No        ","0"
26863,"Male",28,"Manual",20000,"No        ","0"
16259,"Female",40,"Manual",10000,"Yes       ","0"
27803,"Female",43,"Clerical",30000,"No        ","0"
14347,"Female",65,"Management",40000,"Yes       ","0"
17703,"Female",40,"Manual",10000,"No        ","0"
17185,"Female",48,"Professional",170000,"Yes       ","0"
29380,"Female",41,"Manual",20000,"Yes       ","0"
23986,"Female",66,"Clerical",20000,"Yes       ","0"
24466,"Female",46,"Skilled Manual",60000,"Yes       ","0"
29097,"Female",52,"Skilled Manual",40000,"Yes       ","0"
19487,"Male",42,"Clerical",30000,"No        ","0"
14939,"Male",39,"Clerical",40000,"Yes       ","0"
13826,"Female",28,"Clerical",30000,"No        ","0"
20619,"Male",35,"Professional",80000,"No        ","0"
12558,"Female",65,"Clerical",20000,"No        ","0"
24871,"Female",56,"Management",90000,"No        ","0"
17319,"Female",42,"Professional",70000,"No        ","0"
28906,"Male",54,"Professional",80000,"No        ","0"
12808,"Male",38,"Clerical",40000,"Yes       ","0"
20567,"Male",61,"Professional",130000,"Yes       ","0"
25502,"Female",43,"Skilled Manual",40000,"Yes       ","0"
15580,"Male",38,"Professional",60000,"Yes       ","0"
24185,"Female",45,"Manual",10000,"No        ","0"
19291,"Female",35,"Manual",10000,"No        ","0"
16713,"Male",52,"Management",40000,"Yes       ","0"
16185,"Male",41,"Professional",60000,"No        ","0"
14927,"Female",37,"Clerical",30000,"Yes       ","0"
29337,"Male",68,"Clerical",30000,"No        ","0"
29355,"Female",37,"Clerical",40000,"Yes       ","0"
25303,"Male",33,"Manual",30000,"Yes       ","0"
14813,"Female",43,"Manual",20000,"Yes       ","0"
16438,"Female",30,"Manual",10000,"No        ","0"
14238,"Male",36,"Professional",120000,"Yes       ","0"
16200,"Female",35,"Manual",10000,"No        ","0"
24857,"Female",52,"Professional",130000,"No        ","0"
26956,"Female",36,"Manual",20000,"Yes       ","0"
14517,"Female",62,"Skilled Manual",20000,"No        ","0"
12678,"Female",31,"Management",130000,"No        ","0"
16188,"Female",26,"Manual",20000,"No        ","0"
27969,"Male",29,"Professional",80000,"Yes       ","0"
15752,"Male",50,"Skilled Manual",80000,"Yes       ","0"
27745,"Male",63,"Management",40000,"Yes       ","0"
20828,"Female",45,"Clerical",30000,"Yes       ","0"
19461,"Female",40,"Manual",10000,"No        ","0"
26941,"Male",47,"Clerical",30000,"Yes       ","0"
28412,"Male",29,"Manual",20000,"No        ","0"
24485,"Male",52,"Management",40000,"Yes       ","0"
16514,"Male",26,"Manual",10000,"Yes       ","0"
17191,"Male",51,"Professional",130000,"Yes       ","0"
19608,"Male",40,"Professional",80000,"No        ","0"
24119,"Male",29,"Clerical",30000,"No        ","0"
25458,"Male",40,"Manual",20000,"Yes       ","0"
26886,"Female",29,"Clerical",30000,"Yes       ","0"
28436,"Male",30,"Clerical",30000,"Yes       ","0"
19562,"Female",37,"Professional",60000,"Yes       ","0"
15608,"Female",33,"Clerical",30000,"No        ","0"
16487,"Female",55,"Skilled Manual",30000,"No        ","0"
17197,"Female",62,"Professional",90000,"No        ","0"
12507,"Male",43,"Clerical",30000,"No        ","0"
23940,"Male",44,"Skilled Manual",40000,"Yes       ","0"
19441,"Male",37,"Clerical",40000,"Yes       ","0"
26852,"Female",43,"Manual",20000,"No        ","0"
12274,"Male",35,"Manual",10000,"No        ","0"
20236,"Male",43,"Professional",60000,"Yes       ","0"
24149,"Male",49,"Manual",10000,"No        ","0"
26139,"Male",45,"Skilled Manual",60000,"No        ","0"
18491,"Female",49,"Professional",70000,"Yes       ","0"
22707,"Female",30,"Clerical",30000,"No        ","0"
20430,"Male",52,"Skilled Manual",70000,"Yes       ","0"
27494,"Female",53,"Skilled Manual",40000,"Yes       ","0"
26829,"Female",38,"Clerical",40000,"Yes       ","0"
24107,"Male",43,"Clerical",30000,"No        ","0"
28395,"Male",39,"Professional",40000,"Yes       ","0"
21006,"Female",46,"Manual",20000,"Yes       ","0"
14682,"Female",38,"Professional",70000,"No        ","0"
17650,"Female",35,"Clerical",40000,"No        ","0"
29191,"Female",36,"Management",130000,"Yes       ","0"
15030,"Male",26,"Clerical",20000,"Yes       ","0"
24140,"Male",30,"Manual",10000,"Yes       ","0"
22496,"Female",42,"Skilled Manual",30000,"No        ","0"
24065,"Female",40,"Manual",20000,"Yes       ","0"
19914,"Male",62,"Management",80000,"No        ","0"
12871,"Female",29,"Clerical",30000,"No        ","0"
22988,"Female",66,"Management",40000,"Yes       ","0"
15922,"Male",48,"Professional",150000,"No        ","0"
12344,"Female",31,"Professional",80000,"No        ","0"
23627,"Female",56,"Management",100000,"No        ","0"
27775,"Female",38,"Clerical",40000,"Yes       ","0"
29301,"Male",40,"Professional",80000,"No        ","0"
12716,"Male",32,"Clerical",30000,"No        ","0"
12472,"Male",39,"Clerical",30000,"No        ","0"
20970,"Male",52,"Manual",10000,"Yes       ","0"
26818,"Male",39,"Manual",10000,"Yes       ","0"
12993,"Male",37,"Professional",60000,"No        ","0"
14192,"Male",56,"Management",90000,"Yes       ","0"
19477,"Male",40,"Professional",40000,"Yes       ","0"
26796,"Male",65,"Management",40000,"Yes       ","0"
21094,"Female",42,"Clerical",30000,"No        ","0"
12234,"Male",52,"Manual",10000,"No        ","0"
28683,"Female",35,"Manual",10000,"Yes       ","0"
17994,"Male",42,"Manual",20000,"No        ","0"
24273,"Female",55,"Clerical",20000,"Yes       ","0"
26547,"Female",60,"Clerical",30000,"Yes       ","0"
22500,"Male",40,"Professional",40000,"Yes       ","0"
23993,"Female",26,"Manual",10000,"Yes       ","0"
14832,"Male",42,"Skilled Manual",40000,"Yes       ","0"
16614,"Female",32,"Professional",80000,"No        ","0"
20877,"Male",37,"Clerical",30000,"Yes       ","0"
20729,"Female",34,"Clerical",40000,"No        ","0"
22464,"Male",37,"Clerical",40000,"Yes       ","0"
19475,"Female",40,"Professional",40000,"Yes       ","0"
19675,"Male",60,"Skilled Manual",20000,"No        ","0"
12728,"Male",27,"Clerical",30000,"No        ","0"
26154,"Male",43,"Skilled Manual",60000,"Yes       ","0"
29117,"Male",48,"Management",100000,"No        ","0"
17845,"Female",32,"Manual",20000,"No        ","0"
25058,"Male",47,"Management",100000,"No        ","0"
23426,"Male",40,"Management",80000,"No        ","0"
14798,"Female",41,"Manual",10000,"Yes       ","0"
12664,"Female",59,"Professional",130000,"No        ","0"
23979,"Male",50,"Manual",10000,"No        ","0"
25605,"Female",54,"Manual",20000,"Yes       ","0"
20797,"Female",48,"Manual",10000,"No        ","0"
21980,"Female",44,"Professional",60000,"Yes       ","0"
25460,"Female",40,"Manual",20000,"Yes       ","0"
29181,"Female",38,"Professional",60000,"Yes       ","0"
24279,"Male",52,"Skilled Manual",40000,"No        ","0"
22402,"Male",25,"Manual",10000,"Yes       ","0"
15465,"Female",25,"Manual",10000,"No        ","0"
26757,"Male",47,"Professional",90000,"Yes       ","0"
14233,"Male",35,"Management",100000,"No        ","0"
14058,"Male",41,"Professional",70000,"Yes       ","0"
12273,"Male",47,"Clerical",30000,"No        ","0"
17203,"Female",61,"Professional",130000,"Yes       ","0"
18144,"Female",61,"Management",80000,"No        ","0"
23963,"Male",33,"Manual",10000,"No        ","0"
17907,"Female",27,"Manual",10000,"No        ","0"
19442,"Male",37,"Skilled Manual",50000,"Yes       ","0"
17504,"Female",52,"Skilled Manual",80000,"Yes       ","0"
12253,"Female",29,"Manual",20000,"Yes       ","0"
27304,"Female",48,"Professional",110000,"No        ","0"
14191,"Male",55,"Professional",160000,"Yes       ","0"
12212,"Female",37,"Manual",10000,"Yes       ","0"
25529,"Male",44,"Manual",10000,"No        ","0"
22170,"Female",55,"Clerical",30000,"Yes       ","0"
19445,"Female",38,"Manual",10000,"No        ","0"
15265,"Male",66,"Management",40000,"Yes       ","0"
28918,"Female",58,"Management",130000,"No        ","0"
15799,"Female",47,"Professional",90000,"Yes       ","0"
11047,"Female",56,"Skilled Manual",30000,"Yes       ","0"
18151,"Male",59,"Professional",80000,"No        ","0"
20606,"Female",32,"Professional",70000,"Yes       ","0"
19482,"Male",44,"Clerical",30000,"Yes       ","0"
16489,"Male",55,"Skilled Manual",30000,"No        ","0"
26944,"Male",36,"Manual",10000,"Yes       ","0"
15682,"Female",62,"Management",80000,"No        ","0"
26032,"Female",41,"Professional",70000,"No        ","0"
17843,"Female",32,"Manual",10000,"No        ","0"
25559,"Male",25,"Clerical",20000,"Yes       ","0"
16209,"Female",36,"Skilled Manual",50000,"No        ","0"
11147,"Male",67,"Management",60000,"Yes       ","0"
15214,"Female",39,"Management",100000,"Yes       ","0"
11453,"Male",33,"Professional",80000,"Yes       ","0"
24584,"Male",31,"Professional",60000,"No        ","0"
12585,"Male",27,"Manual",10000,"Yes       ","0"
18626,"Male",33,"Clerical",40000,"Yes       ","0"
29298,"Female",46,"Skilled Manual",60000,"Yes       ","0"
24842,"Female",51,"Professional",90000,"No        ","0"
15657,"Male",46,"Clerical",30000,"Yes       ","0"
11415,"Male",62,"Professional",90000,"No        ","0"
28729,"Female",26,"Manual",20000,"Yes       ","0"
22633,"Female",37,"Clerical",40000,"Yes       ","0"
25649,"Female",42,"Clerical",30000,"Yes       ","0"
14669,"Female",36,"Management",80000,"No        ","0"
19299,"Female",36,"Skilled Manual",50000,"Yes       ","0"
20946,"Female",30,"Clerical",30000,"No        ","0"
11451,"Male",31,"Professional",70000,"Yes       ","0"
25553,"Male",65,"Clerical",30000,"Yes       ","0"
27951,"Male",54,"Professional",80000,"Yes       ","0"
25026,"Male",54,"Clerical",20000,"No        ","0"
13673,"Female",25,"Manual",20000,"No        ","0"
16043,"Male",48,"Manual",10000,"No        ","0"
22399,"Male",26,"Manual",10000,"Yes       ","0"
27696,"Male",43,"Professional",60000,"Yes       ","0"
25313,"Male",35,"Manual",10000,"No        ","0"
13813,"Female",42,"Clerical",30000,"No        ","0"
18711,"Female",39,"Professional",70000,"No        ","0"
19650,"Female",67,"Clerical",30000,"No        ","0"
14135,"Male",63,"Manual",20000,"No        ","0"
12833,"Female",42,"Manual",20000,"Yes       ","0"
26849,"Male",43,"Manual",10000,"No        ","0"
20962,"Female",45,"Clerical",20000,"No        ","0"
28915,"Male",57,"Management",80000,"No        ","0"
22830,"Male",56,"Management",120000,"No        ","0"
14777,"Female",38,"Clerical",40000,"Yes       ","0"
12591,"Female",45,"Clerical",30000,"No        ","0"
24174,"Male",27,"Clerical",20000,"Yes       ","0"
24611,"Male",35,"Professional",90000,"Yes       ","0"
11340,"Female",70,"Clerical",10000,"Yes       ","0"
25693,"Female",44,"Clerical",30000,"Yes       ","0"
25555,"Female",26,"Manual",10000,"Yes       ","0"
22006,"Male",46,"Skilled Manual",70000,"No        ","0"
20060,"Female",34,"Manual",30000,"Yes       ","0"
17702,"Male",37,"Manual",10000,"No        ","0"
12503,"Female",27,"Clerical",30000,"No        ","0"
23908,"Male",39,"Clerical",30000,"Yes       ","0"
22527,"Female",29,"Manual",20000,"No        ","0"
19057,"Female",52,"Management",120000,"Yes       ","0"
18494,"Male",48,"Management",110000,"Yes       ","0"
11249,"Female",51,"Professional",130000,"Yes       ","0"
21568,"Female",34,"Management",100000,"Yes       ","0"
13981,"Female",62,"Skilled Manual",10000,"No        ","0"
23432,"Male",37,"Professional",70000,"Yes       ","0"
22931,"Male",78,"Management",100000,"Yes       ","0"
18172,"Male",55,"Professional",130000,"No        ","0"
12666,"Male",31,"Professional",60000,"No        ","0"
20598,"Male",59,"Professional",100000,"Yes       ","0"
21375,"Male",57,"Clerical",20000,"No        ","0"
20839,"Female",47,"Clerical",30000,"Yes       ","0"
21738,"Male",43,"Clerical",20000,"No        ","0"
14164,"Female",36,"Skilled Manual",50000,"Yes       ","0"
14193,"Female",56,"Management",100000,"No        ","0"
12705,"Male",37,"Management",150000,"Yes       ","0"
22672,"Female",43,"Clerical",30000,"No        ","0"
26219,"Female",33,"Skilled Manual",40000,"Yes       ","0"
28468,"Female",51,"Manual",10000,"No        ","0"
23419,"Female",39,"Professional",70000,"No        ","0"
17964,"Male",37,"Clerical",40000,"Yes       ","0"
20919,"Female",42,"Clerical",30000,"No        ","0"
20927,"Female",27,"Manual",20000,"No        ","0"
13133,"Male",47,"Professional",100000,"Yes       ","0"
19626,"Male",45,"Skilled Manual",70000,"No        ","0"
21039,"Female",37,"Skilled Manual",50000,"Yes       ","0"
12231,"Female",51,"Manual",10000,"Yes       ","0"
25665,"Female",28,"Manual",20000,"No        ","0"
24061,"Male",40,"Manual",10000,"Yes       ","0"
26879,"Female",30,"Manual",20000,"No        ","0"
12284,"Female",36,"Clerical",30000,"Yes       ","0"
26654,"Female",37,"Management",90000,"Yes       ","0"
14545,"Female",49,"Manual",10000,"No        ","0"
24201,"Female",37,"Manual",10000,"Yes       ","0"
20625,"Male",35,"Management",100000,"Yes       ","0"
16390,"Male",38,"Clerical",30000,"Yes       ","0"
14804,"Female",43,"Manual",10000,"No        ","0"
12629,"Male",37,"Manual",20000,"No        ","0"
14696,"Male",34,"Manual",10000,"No        ","0"
22005,"Female",46,"Skilled Manual",70000,"No        ","0"
14544,"Male",49,"Manual",10000,"No        ","0"
14312,"Female",45,"Skilled Manual",60000,"No        ","0"
29120,"Female",48,"Management",100000,"No        ","0"
24187,"Female",46,"Clerical",30000,"Yes       ","0"
15758,"Male",48,"Management",130000,"No        ","0"
29094,"Male",54,"Skilled Manual",30000,"Yes       ","0"
28319,"Female",46,"Skilled Manual",60000,"Yes       ","0"
16406,"Male",38,"Clerical",40000,"Yes       ","0"
20923,"Female",42,"Skilled Manual",40000,"Yes       ","0"
11378,"Female",46,"Manual",10000,"Yes       ","0"
20851,"Male",36,"Manual",20000,"Yes       ","0"
21557,"Female",32,"Management",110000,"Yes       ","0"
26663,"Female",39,"Professional",60000,"Yes       ","0"
11896,"Male",36,"Management",100000,"Yes       ","0"
14189,"Female",54,"Professional",90000,"Yes       ","0"
13136,"Female",69,"Clerical",30000,"No        ","0"
25906,"Female",62,"Skilled Manual",10000,"No        ","0"
17926,"Female",28,"Clerical",20000,"Yes       ","0"
26928,"Male",62,"Clerical",30000,"Yes       ","0"
20897,"Female",40,"Skilled Manual",30000,"No        ","0"
28207,"Male",36,"Management",80000,"Yes       ","0"
25923,"Male",58,"Clerical",10000,"No        ","0"
11000,"Male",40,"Professional",90000,"Yes       ","0"
20974,"Male",66,"Clerical",10000,"No        ","0"
28758,"Male",35,"Clerical",40000,"Yes       ","0"
11381,"Female",47,"Manual",20000,"Yes       ","0"
17522,"Male",47,"Management",120000,"No        ","0"
21207,"Male",46,"Skilled Manual",60000,"No        ","0"
28102,"Male",58,"Skilled Manual",20000,"Yes       ","0"
23105,"Male",52,"Clerical",40000,"Yes       ","0"
18740,"Male",47,"Professional",80000,"Yes       ","0"
21213,"Male",41,"Professional",70000,"No        ","0"
17352,"Male",64,"Management",50000,"Yes       ","0"
14154,"Male",35,"Clerical",30000,"Yes       ","0"
19066,"Male",54,"Professional",130000,"No        ","0"
11386,"Female",45,"Clerical",30000,"No        ","0"
20228,"Male",40,"Management",100000,"Yes       ","0"
16675,"Female",47,"Management",160000,"Yes       ","0"
16410,"Female",41,"Manual",10000,"Yes       ","0"
27760,"Female",37,"Clerical",40000,"Yes       ","0"
22930,"Male",38,"Professional",90000,"Yes       ","0"
23780,"Male",36,"Clerical",40000,"Yes       ","0"
20994,"Female",26,"Clerical",20000,"Yes       ","0"
28379,"Male",40,"Skilled Manual",30000,"No        ","0"
14865,"Male",36,"Clerical",40000,"No        ","0"
12663,"Female",59,"Skilled Manual",90000,"No        ","0"
24898,"Female",32,"Professional",80000,"No        ","0"
19508,"Male",30,"Manual",10000,"No        ","0"
11489,"Female",35,"Manual",20000,"Yes       ","0"
18160,"Male",51,"Professional",130000,"Yes       ","0"
25241,"Male",47,"Professional",90000,"No        ","0"
24369,"Female",39,"Management",80000,"No        ","0"
27165,"Male",34,"Manual",20000,"No        ","0"
29424,"Male",32,"Manual",10000,"No        ","0"
15926,"Female",50,"Professional",120000,"Yes       ","0"
14554,"Male",66,"Clerical",20000,"No        ","0"
16468,"Male",30,"Clerical",30000,"No        ","0"
19174,"Female",32,"Manual",30000,"Yes       ","0"
19183,"Male",35,"Manual",10000,"No        ","0"
13683,"Female",32,"Manual",30000,"No        ","0"
17848,"Male",31,"Clerical",30000,"Yes       ","0"
17894,"Female",50,"Clerical",20000,"Yes       ","0"
25651,"Male",43,"Skilled Manual",40000,"Yes       ","0"
22936,"Female",45,"Skilled Manual",60000,"Yes       ","0"
23915,"Male",42,"Manual",20000,"No        ","0"
24121,"Female",29,"Clerical",30000,"Yes       ","0"
27878,"Male",28,"Manual",20000,"Yes       ","0"
13572,"Male",37,"Manual",10000,"Yes       ","0"
27941,"Female",53,"Professional",80000,"No        ","0"
26354,"Male",38,"Clerical",40000,"Yes       ","0"
14785,"Male",39,"Clerical",30000,"No        ","0"
17238,"Male",32,"Professional",80000,"No        ","0"
23608,"Female",51,"Professional",150000,"Yes       ","0"
22538,"Female",33,"Manual",10000,"No        ","0"
12332,"Male",58,"Management",90000,"Yes       ","0"
17230,"Male",30,"Professional",80000,"No        ","0"
13082,"Male",48,"Management",130000,"Yes       ","0"
22518,"Female",27,"Clerical",30000,"Yes       ","0"
13687,"Male",33,"Skilled Manual",40000,"Yes       ","0"
23571,"Female",66,"Management",40000,"Yes       ","0"
19305,"Female",38,"Manual",10000,"Yes       ","0"
22636,"Female",38,"Clerical",40000,"Yes       ","0"
17310,"Male",45,"Skilled Manual",60000,"Yes       ","0"
12133,"Female",50,"Professional",130000,"Yes       ","0"
25918,"Female",60,"Clerical",30000,"Yes       ","0"
25752,"Female",53,"Manual",20000,"Yes       ","0"
17324,"Female",46,"Professional",100000,"No        ","0"
22918,"Male",40,"Management",80000,"No        ","0"
12510,"Male",43,"Skilled Manual",40000,"Yes       ","0"
25512,"Male",30,"Manual",20000,"No        ","0"
16179,"Female",38,"Professional",80000,"No        ","0"
15628,"Female",89,"Skilled Manual",40000,"No        ","0"
20977,"Male",64,"Clerical",20000,"Yes       ","0"
18140,"Male",51,"Professional",130000,"Yes       ","0"
20417,"Male",56,"Clerical",30000,"No        ","0"
18267,"Male",43,"Professional",60000,"No        ","0"
13620,"Male",30,"Professional",70000,"Yes       ","0"
22974,"Female",69,"Clerical",30000,"No        ","0"
13586,"Male",53,"Professional",80000,"No        ","0"
17978,"Male",37,"Clerical",40000,"Yes       ","0"
12581,"Female",28,"Manual",10000,"Yes       ","0"
18018,"Male",43,"Clerical",30000,"No        ","0"
28957,"Female",34,"Professional",120000,"Yes       ","0"
13690,"Female",34,"Manual",20000,"Yes       ","0"
12568,"Female",64,"Clerical",30000,"No        ","0"
13122,"Female",41,"Professional",80000,"Yes       ","0"
21184,"Male",38,"Professional",70000,"No        ","0"
26150,"Female",41,"Professional",70000,"Yes       ","0"
24151,"Male",51,"Clerical",20000,"No        ","0"
23962,"Female",32,"Manual",10000,"No        ","0"
17793,"Female",38,"Clerical",40000,"Yes       ","0"
14926,"Male",38,"Clerical",30000,"Yes       ","0"
16163,"Male",38,"Professional",60000,"Yes       ","0"
21365,"Female",58,"Clerical",10000,"No        ","0"
27771,"Male",39,"Clerical",30000,"Yes       ","0"
26167,"Female",53,"Management",40000,"Yes       ","0"
25792,"Female",53,"Management",110000,"No        ","0"
11555,"Female",80,"Clerical",40000,"No        ","0"
22381,"Male",44,"Manual",10000,"No        ","0"
17882,"Male",44,"Clerical",20000,"No        ","0"
22174,"Male",54,"Skilled Manual",30000,"Yes       ","0"
22439,"Female",37,"Clerical",30000,"Yes       ","0"
18012,"Female",41,"Skilled Manual",40000,"No        ","0"
27582,"Female",36,"Professional",90000,"Yes       ","0"
12744,"Female",33,"Clerical",40000,"No        ","0"
22821,"Female",52,"Professional",130000,"No        ","0"
20171,"Female",46,"Manual",20000,"Yes       ","0"
11116,"Male",43,"Skilled Manual",70000,"No        ","0"
20053,"Male",34,"Clerical",40000,"No        ","0"
25266,"Female",67,"Clerical",30000,"No        ","0"
17960,"Female",35,"Clerical",40000,"Yes       ","0"
13961,"Female",40,"Management",80000,"No        ","0"
11897,"Male",37,"Professional",60000,"Yes       ","0"
11139,"Female",67,"Clerical",30000,"No        ","0"
11576,"Male",41,"Skilled Manual",30000,"Yes       ","0"
19255,"Male",51,"Manual",10000,"Yes       ","0"
18153,"Female",59,"Management",100000,"No        ","0"
14547,"Male",51,"Manual",10000,"No        ","0"
24901,"Male",32,"Management",110000,"Yes       ","0"
27169,"Male",34,"Manual",30000,"Yes       ","0"
14805,"Female",43,"Manual",10000,"No        ","0"
15822,"Male",67,"Management",40000,"No        ","0"
19389,"Male",28,"Clerical",30000,"No        ","0"
17048,"Female",36,"Management",90000,"Yes       ","0"
22204,"Male",48,"Management",110000,"No        ","0"
12718,"Female",31,"Clerical",30000,"No        ","0"
15019,"Female",55,"Skilled Manual",30000,"No        ","0"
28488,"Male",28,"Manual",20000,"Yes       ","0"
21891,"Female",34,"Management",110000,"Yes       ","0"
27814,"Female",26,"Clerical",30000,"No        ","0"
22175,"Female",53,"Skilled Manual",30000,"Yes       ","0"
29447,"Female",68,"Clerical",10000,"No        ","0"
19784,"Female",50,"Skilled Manual",80000,"Yes       ","0"
27824,"Female",28,"Clerical",30000,"Yes       ","0"
24093,"Female",40,"Skilled Manual",80000,"Yes       ","0"
19618,"Male",44,"Skilled Manual",70000,"No        ","0"
21561,"Male",34,"Professional",90000,"Yes       ","0"
11061,"Male",52,"Skilled Manual",80000,"Yes       ","0"
26651,"Male",36,"Management",80000,"Yes       ","0"
21108,"Female",43,"Skilled Manual",40000,"Yes       ","0"
12731,"Male",32,"Manual",30000,"No        ","0"
25307,"Female",32,"Skilled Manual",40000,"Yes       ","0"
14278,"Female",48,"Management",130000,"No        ","0"
20711,"Female",32,"Skilled Manual",40000,"Yes       ","0"
11383,"Female",46,"Clerical",30000,"No        ","0"
12497,"Female",42,"Skilled Manual",40000,"No        ","0"
16559,"Female",36,"Manual",10000,"Yes       ","0"
11585,"Female",41,"Skilled Manual",40000,"No        ","0"
20277,"Female",69,"Clerical",30000,"No        ","0"
26765,"Female",45,"Skilled Manual",70000,"No        ","0"
12389,"Male",34,"Manual",30000,"No        ","0"
13585,"Female",53,"Professional",80000,"Yes       ","0"
26385,"Male",50,"Professional",120000,"No        ","0"
12236,"Female",65,"Manual",20000,"No        ","0"
21560,"Male",32,"Professional",120000,"Yes       ","0"
21554,"Female",33,"Professional",80000,"No        ","0"
13662,"Male",31,"Manual",20000,"Yes       ","0"
13089,"Female",46,"Management",120000,"Yes       ","0"
14791,"Female",39,"Clerical",40000,"Yes       ","0"
19331,"Male",40,"Manual",20000,"No        ","0"
17754,"Female",46,"Clerical",30000,"Yes       ","0"
11149,"Male",65,"Management",40000,"No        ","0"
16549,"Female",47,"Clerical",30000,"Yes       ","0"
24305,"Male",46,"Management",100000,"Yes       ","0"
18253,"Female",40,"Management",80000,"No        ","0"
20147,"Female",65,"Clerical",30000,"No        ","0"
15612,"Male",28,"Manual",30000,"No        ","0"
28323,"Male",43,"Professional",70000,"Yes       ","0"
22634,"Female",38,"Clerical",40000,"Yes       ","0"
15665,"Female",47,"Clerical",30000,"Yes       ","0"
27585,"Female",36,"Professional",90000,"Yes       ","0"
19748,"Male",60,"Skilled Manual",20000,"No        ","0"
21974,"Female",42,"Professional",70000,"Yes       ","0"
14032,"Male",50,"Skilled Manual",70000,"Yes       ","0"
22610,"Male",35,"Clerical",30000,"Yes       ","0"
26984,"Male",32,"Skilled Manual",40000,"Yes       ","0"
18294,"Female",46,"Professional",90000,"No        ","0"
28564,"Female",33,"Clerical",40000,"Yes       ","0"
28521,"Male",36,"Clerical",40000,"Yes       ","0"
15450,"Male",70,"Clerical",10000,"No        ","0"
25681,"Female",31,"Clerical",30000,"Yes       ","0"
19491,"Male",42,"Clerical",30000,"No        ","0"
26415,"Female",58,"Skilled Manual",90000,"No        ","0"
12821,"Male",39,"Clerical",40000,"No        ","0"
15629,"Female",34,"Manual",10000,"No        ","0"
27835,"Male",32,"Manual",20000,"No        ","0"
11738,"Male",46,"Professional",60000,"No        ","0"
25065,"Male",48,"Skilled Manual",70000,"No        ","0"
26238,"Female",31,"Clerical",40000,"Yes       ","0"
23707,"Male",60,"Management",70000,"Yes       ","0"
27650,"Male",51,"Professional",70000,"No        ","0"
24981,"Male",56,"Professional",60000,"No        ","0"
20678,"Female",40,"Skilled Manual",60000,"Yes       ","0"
15302,"Female",34,"Professional",70000,"Yes       ","0"
26012,"Male",48,"Skilled Manual",80000,"Yes       ","0"
26575,"Female",31,"Skilled Manual",40000,"Yes       ","0"
15559,"Male",47,"Professional",60000,"No        ","0"
19235,"Female",34,"Skilled Manual",50000,"No        ","0"
15275,"Male",29,"Skilled Manual",40000,"No        ","0"
20339,"Female",44,"Management",130000,"Yes       ","0"
25405,"Male",38,"Skilled Manual",70000,"Yes       ","0"
15940,"Male",40,"Professional",100000,"No        ","0"
25074,"Female",42,"Professional",70000,"Yes       ","0"
24738,"Female",51,"Clerical",40000,"Yes       ","0"
16337,"Male",29,"Skilled Manual",60000,"No        ","0"
24357,"Male",48,"Professional",60000,"Yes       ","0"
18613,"Male",37,"Professional",70000,"Yes       ","0"
12207,"Male",66,"Management",80000,"Yes       ","0"
18052,"Female",45,"Skilled Manual",60000,"Yes       ","0"
13353,"Female",61,"Management",60000,"Yes       ","0"
19399,"Male",45,"Professional",40000,"No        ","0"
16154,"Female",47,"Professional",70000,"No        ","0"
22219,"Female",49,"Professional",60000,"No        ","0"
17269,"Male",47,"Professional",60000,"Yes       ","0"
23586,"Female",34,"Management",80000,"Yes       ","0"
15740,"Male",64,"Management",80000,"No        ","0"
27638,"Male",44,"Professional",100000,"No        ","0"
18976,"Male",62,"Professional",40000,"Yes       ","0"
19413,"Male",47,"Professional",60000,"Yes       ","0"
13283,"Male",49,"Professional",80000,"Yes       ","0"
17471,"Female",67,"Management",80000,"No        ","0"
16791,"Male",59,"Management",60000,"Yes       ","0"
15382,"Female",44,"Management",110000,"No        ","0"
11641,"Male",36,"Skilled Manual",50000,"No        ","0"
11935,"Female",28,"Skilled Manual",30000,"No        ","0"
13233,"Male",57,"Professional",60000,"Yes       ","0"
25909,"Male",27,"Skilled Manual",60000,"Yes       ","0"
14092,"Male",28,"Clerical",30000,"No        ","0"
29143,"Female",44,"Professional",60000,"Yes       ","0"
24941,"Male",66,"Management",60000,"No        ","0"
24637,"Male",64,"Professional",40000,"No        ","0"
23893,"Male",41,"Skilled Manual",50000,"No        ","0"
13907,"Female",41,"Skilled Manual",80000,"Yes       ","0"
14900,"Female",49,"Clerical",40000,"Yes       ","0"
11262,"Female",42,"Management",80000,"No        ","0"
22294,"Female",37,"Professional",70000,"Yes       ","0"
12195,"Female",52,"Management",70000,"No        ","0"
25375,"Male",34,"Skilled Manual",50000,"No        ","0"
11143,"Male",29,"Skilled Manual",40000,"No        ","0"
25898,"Female",53,"Professional",70000,"No        ","0"
24397,"Male",40,"Management",120000,"No        ","0"
19758,"Male",29,"Skilled Manual",60000,"No        ","0"
15529,"Male",43,"Professional",60000,"Yes       ","0"
19884,"Male",55,"Professional",60000,"Yes       ","0"
18674,"Female",48,"Skilled Manual",80000,"No        ","0"
13453,"Female",45,"Management",130000,"Yes       ","0"
14063,"Female",42,"Professional",70000,"Yes       ","0"
27393,"Female",63,"Management",50000,"No        ","0"
14417,"Male",54,"Professional",60000,"Yes       ","0"
17533,"Male",73,"Professional",40000,"Yes       ","0"
18580,"Female",36,"Professional",60000,"Yes       ","0"
17025,"Male",39,"Skilled Manual",50000,"Yes       ","0"
25293,"Male",42,"Management",80000,"No        ","0"
24725,"Female",31,"Clerical",40000,"No        ","0"
23200,"Female",41,"Skilled Manual",50000,"No        ","0"
15895,"Female",58,"Management",60000,"No        ","0"
18577,"Female",40,"Professional",60000,"No        ","0"
27218,"Female",48,"Clerical",20000,"No        ","0"
18560,"Female",34,"Professional",70000,"Yes       ","0"
25006,"Female",28,"Skilled Manual",30000,"No        ","0"
17369,"Male",27,"Skilled Manual",30000,"No        ","0"
14495,"Male",54,"Professional",40000,"Yes       ","0"
18847,"Female",70,"Management",60000,"No        ","0"
14754,"Male",48,"Clerical",40000,"Yes       ","0"
23378,"Male",44,"Skilled Manual",70000,"Yes       ","0"
26452,"Male",69,"Management",50000,"No        ","0"
20370,"Male",52,"Skilled Manual",70000,"No        ","0"
20528,"Male",55,"Skilled Manual",40000,"No        ","0"
23549,"Male",30,"Skilled Manual",30000,"No        ","0"
21751,"Male",63,"Management",60000,"No        ","0"
21266,"Female",34,"Management",80000,"Yes       ","0"
13388,"Male",56,"Professional",60000,"No        ","0"
18752,"Female",31,"Skilled Manual",40000,"No        ","0"
16917,"Male",38,"Management",120000,"No        ","0"
15313,"Male",59,"Management",60000,"No        ","0"
25329,"Female",32,"Clerical",40000,"No        ","0"
20380,"Female",69,"Management",60000,"No        ","0"
23089,"Male",28,"Skilled Manual",40000,"No        ","0"
13749,"Male",47,"Skilled Manual",80000,"No        ","0"
24943,"Male",66,"Management",60000,"No        ","0"
28667,"Male",37,"Skilled Manual",70000,"Yes       ","0"
15194,"Male",39,"Management",120000,"Yes       ","0"
17436,"Male",51,"Professional",60000,"No        ","0"
18935,"Female",40,"Management",130000,"No        ","0"
16871,"Female",51,"Professional",90000,"Yes       ","0"
12100,"Male",57,"Management",60000,"No        ","0"
23158,"Female",35,"Professional",60000,"Yes       ","0"
18545,"Male",61,"Professional",40000,"Yes       ","0"
18391,"Female",44,"Professional",80000,"No        ","0"
19812,"Female",49,"Professional",70000,"Yes       ","0"
27660,"Male",70,"Management",80000,"No        ","0"
18058,"Female",78,"Skilled Manual",20000,"No        ","0"
20343,"Female",45,"Professional",90000,"No        ","0"
28997,"Male",58,"Professional",40000,"Yes       ","0"
24398,"Male",41,"Management",130000,"No        ","0"
19002,"Female",57,"Professional",60000,"Yes       ","0"
28609,"Male",49,"Skilled Manual",30000,"No        ","0"
29231,"Female",43,"Professional",80000,"No        ","0"
18858,"Male",52,"Skilled Manual",60000,"Yes       ","0"
20000,"Male",35,"Professional",60000,"Yes       ","0"
25261,"Male",27,"Skilled Manual",40000,"No        ","0"
17458,"Male",52,"Professional",70000,"Yes       ","0"
11644,"Male",36,"Skilled Manual",40000,"No        ","0"
16145,"Female",46,"Professional",70000,"Yes       ","0"
16890,"Male",52,"Skilled Manual",60000,"Yes       ","0"
25983,"Male",43,"Professional",70000,"No        ","0"
14633,"Male",44,"Skilled Manual",60000,"No        ","0"
22994,"Female",34,"Management",80000,"Yes       ","0"
22983,"Female",27,"Clerical",30000,"No        ","0"
25184,"Male",45,"Professional",110000,"Yes       ","0"
14469,"Female",45,"Professional",100000,"No        ","0"
11538,"Female",47,"Skilled Manual",60000,"Yes       ","0"
16245,"Female",47,"Skilled Manual",80000,"No        ","0"
17858,"Male",44,"Skilled Manual",40000,"Yes       ","0"
25347,"Female",49,"Clerical",20000,"No        ","0"
15814,"Female",30,"Skilled Manual",40000,"No        ","0"
11259,"Female",41,"Professional",100000,"Yes       ","0"
11200,"Male",58,"Management",70000,"No        ","0"
25101,"Male",47,"Professional",60000,"No        ","0"
21801,"Female",55,"Professional",70000,"No        ","0"
25943,"Female",27,"Skilled Manual",70000,"Yes       ","0"
22127,"Male",67,"Management",60000,"No        ","0"
20414,"Female",29,"Skilled Manual",60000,"No        ","0"
23672,"Female",67,"Management",60000,"No        ","0"
29255,"Male",51,"Professional",80000,"Yes       ","0"
28815,"Female",35,"Skilled Manual",50000,"No        ","0"
27753,"Male",30,"Skilled Manual",40000,"No        ","0"
27643,"Male",44,"Professional",70000,"No        ","0"
13754,"Female",48,"Skilled Manual",80000,"No        ","0"
22088,"Female",45,"Management",130000,"Yes       ","0"
27388,"Male",66,"Management",60000,"No        ","0"
24745,"Female",49,"Skilled Manual",30000,"No        ","0"
29237,"Female",43,"Professional",120000,"Yes       ","0"
15272,"Male",30,"Skilled Manual",40000,"No        ","0"
18949,"Male",74,"Management",70000,"Yes       ","0"
14507,"Male",65,"Management",100000,"No        ","0"
25886,"Female",56,"Professional",60000,"Yes       ","0"
21441,"Male",64,"Management",50000,"No        ","0"
21741,"Female",50,"Professional",70000,"Yes       ","0"
14572,"Female",35,"Professional",70000,"Yes       ","0"
23368,"Female",41,"Skilled Manual",60000,"No        ","0"
16217,"Female",39,"Skilled Manual",60000,"No        ","0"
16247,"Female",47,"Skilled Manual",60000,"No        ","0"
22010,"Male",31,"Skilled Manual",40000,"No        ","0"
25872,"Female",58,"Management",70000,"Yes       ","0"
19164,"Female",38,"Professional",70000,"Yes       ","0"
18435,"Female",67,"Management",70000,"Yes       ","0"
14284,"Male",32,"Professional",60000,"Yes       ","0"
11287,"Male",45,"Professional",70000,"No        ","0"
13066,"Male",31,"Skilled Manual",30000,"Yes       ","0"
29106,"Male",31,"Skilled Manual",40000,"Yes       ","0"
26236,"Female",31,"Clerical",40000,"No        ","0"
17531,"Male",50,"Professional",60000,"No        ","0"
12964,"Male",44,"Skilled Manual",70000,"No        ","0"
19133,"Male",38,"Skilled Manual",50000,"Yes       ","0"
24643,"Female",63,"Management",60000,"No        ","0"
21599,"Female",36,"Professional",60000,"Yes       ","0"
22976,"Male",28,"Skilled Manual",40000,"Yes       ","0"
27637,"Female",44,"Professional",100000,"No        ","0"
11890,"Female",47,"Professional",70000,"No        ","0"
28580,"Female",40,"Skilled Manual",80000,"Yes       ","0"
14443,"Male",40,"Management",130000,"No        ","0"
17864,"Female",46,"Skilled Manual",60000,"Yes       ","0"
20505,"Female",61,"Professional",40000,"No        ","0"
14592,"Female",40,"Professional",60000,"No        ","0"
22227,"Female",50,"Professional",60000,"No        ","0"
21471,"Male",59,"Professional",70000,"No        ","0"
22252,"Female",36,"Professional",60000,"Yes       ","0"
21260,"Female",30,"Skilled Manual",40000,"No        ","0"
11817,"Female",35,"Professional",70000,"Yes       ","0"
19223,"Female",48,"Skilled Manual",30000,"No        ","0"
18517,"Male",41,"Management",100000,"No        ","0"
21717,"Male",47,"Clerical",40000,"No        ","0"
13760,"Male",47,"Skilled Manual",60000,"No        ","0"
18145,"Male",62,"Management",80000,"No        ","0"
21770,"Male",60,"Management",60000,"No        ","0"
11165,"Female",33,"Skilled Manual",60000,"No        ","0"
16377,"Female",47,"Skilled Manual",80000,"No        ","0"
26248,"Male",52,"Clerical",20000,"No        ","0"
23461,"Female",40,"Professional",90000,"No        ","0"
29133,"Female",42,"Skilled Manual",60000,"No        ","0"
27673,"Female",53,"Management",60000,"Yes       ","0"
12774,"Female",51,"Clerical",40000,"Yes       ","0"
18910,"Male",30,"Skilled Manual",30000,"No        ","0"
11699,"Male",43,"Skilled Manual",60000,"No        ","0"
16725,"Male",26,"Skilled Manual",30000,"No        ","0"
28269,"Female",45,"Management",130000,"No        ","0"
23144,"Male",34,"Skilled Manual",50000,"Yes       ","0"
23376,"Male",44,"Professional",70000,"Yes       ","0"
25970,"Female",41,"Skilled Manual",60000,"Yes       ","0"
28068,"Female",36,"Professional",80000,"Yes       ","0"
18390,"Male",44,"Professional",80000,"No        ","0"
29112,"Male",30,"Professional",60000,"No        ","0"
14090,"Female",28,"Clerical",30000,"No        ","0"
27040,"Male",49,"Clerical",20000,"No        ","0"
23479,"Male",43,"Professional",90000,"Yes       ","0"
16795,"Female",59,"Management",70000,"No        ","0"
22014,"Male",26,"Skilled Manual",30000,"No        ","0"
13314,"Male",46,"Professional",120000,"Yes       ","0"
11619,"Female",33,"Skilled Manual",50000,"No        ","0"
29132,"Female",42,"Professional",40000,"Yes       ","0"
11199,"Female",59,"Management",70000,"No        ","0"
20296,"Female",33,"Skilled Manual",60000,"Yes       ","0"
17546,"Female",44,"Skilled Manual",70000,"Yes       ","0"
18069,"Male",60,"Management",70000,"No        ","0"
23712,"Female",59,"Management",70000,"No        ","0"
23358,"Male",32,"Professional",60000,"Yes       ","0"
20518,"Female",58,"Professional",70000,"No        ","0"
28026,"Female",59,"Professional",40000,"No        ","0"
11669,"Female",38,"Skilled Manual",70000,"No        ","0"
16020,"Male",28,"Skilled Manual",40000,"Yes       ","0"
27090,"Female",37,"Professional",60000,"Yes       ","0"
27198,"Female",40,"Skilled Manual",80000,"No        ","0"
19661,"Male",38,"Management",90000,"Yes       ","0"
26327,"Male",36,"Professional",70000,"Yes       ","0"
26341,"Female",37,"Professional",70000,"No        ","0"
24958,"Female",60,"Professional",40000,"Yes       ","0"
13287,"Male",42,"Management",110000,"Yes       ","0"
14493,"Female",53,"Management",70000,"No        ","0"
26678,"Female",49,"Skilled Manual",80000,"No        ","0"
23275,"Male",49,"Skilled Manual",30000,"No        ","0"
11270,"Male",42,"Management",130000,"Yes       ","0"
20084,"Male",53,"Manual",20000,"No        ","0"
16144,"Male",46,"Professional",70000,"Yes       ","0"
27731,"Male",27,"Skilled Manual",40000,"No        ","0"
11886,"Female",48,"Professional",60000,"Yes       ","0"
24324,"Female",41,"Skilled Manual",60000,"Yes       ","0"
22220,"Male",49,"Professional",60000,"Yes       ","0"
26625,"Female",38,"Professional",60000,"Yes       ","0"
23027,"Male",44,"Management",130000,"No        ","0"
16867,"Female",45,"Management",130000,"Yes       ","0"
14514,"Female",26,"Skilled Manual",30000,"No        ","0"
19634,"Male",31,"Skilled Manual",40000,"No        ","0"
18504,"Male",49,"Skilled Manual",70000,"No        ","0"
28799,"Female",47,"Clerical",40000,"Yes       ","0"
11225,"Female",55,"Professional",60000,"No        ","0"
17657,"Male",30,"Clerical",40000,"No        ","0"
14913,"Female",48,"Clerical",40000,"Yes       ","0"
14077,"Male",30,"Skilled Manual",30000,"No        ","0"
13296,"Male",45,"Management",110000,"No        ","0"
20535,"Female",56,"Professional",70000,"No        ","0"
12452,"Male",47,"Skilled Manual",60000,"Yes       ","0"
28043,"Female",56,"Management",60000,"No        ","0"
12957,"Female",44,"Professional",70000,"No        ","0"
15412,"Male",69,"Management",130000,"No        ","0"
20514,"Female",59,"Professional",70000,"No        ","0"
20758,"Male",50,"Skilled Manual",30000,"No        ","0"
11801,"Male",36,"Professional",60000,"No        ","0"
22211,"Male",32,"Professional",60000,"No        ","0"
28087,"Female",27,"Skilled Manual",40000,"No        ","0"
23668,"Female",59,"Professional",40000,"Yes       ","0"
27441,"Male",53,"Professional",60000,"No        ","0"
27261,"Male",36,"Skilled Manual",40000,"Yes       ","0"
18649,"Male",51,"Clerical",30000,"Yes       ","0"
21714,"Female",47,"Skilled Manual",80000,"No        ","0"
23217,"Female",43,"Professional",60000,"Yes       ","0"
23797,"Male",50,"Clerical",20000,"No        ","0"
13216,"Female",59,"Management",60000,"No        ","0"
20657,"Male",37,"Skilled Manual",50000,"Yes       ","0"
12882,"Male",33,"Skilled Manual",50000,"Yes       ","0"
25908,"Female",27,"Skilled Manual",60000,"No        ","0"
16753,"Female",34,"Skilled Manual",70000,"Yes       ","0"
14608,"Male",42,"Skilled Manual",50000,"No        ","0"
24979,"Female",57,"Professional",60000,"Yes       ","0"
13313,"Female",45,"Professional",120000,"No        ","0"
18952,"Female",40,"Management",100000,"No        ","0"
17699,"Male",35,"Skilled Manual",60000,"No        ","0"
14657,"Male",47,"Skilled Manual",80000,"Yes       ","0"
11540,"Male",47,"Skilled Manual",60000,"Yes       ","0"
11783,"Female",34,"Skilled Manual",60000,"No        ","0"
14602,"Female",36,"Professional",80000,"Yes       ","0"
29030,"Male",54,"Skilled Manual",70000,"No        ","0"
26490,"Male",59,"Management",70000,"Yes       ","0"
13151,"Male",27,"Skilled Manual",40000,"No        ","0"
17260,"Male",41,"Professional",90000,"No        ","0"
15372,"Male",50,"Professional",80000,"Yes       ","0"
18105,"Female",55,"Professional",60000,"No        ","0"
19660,"Male",43,"Management",80000,"No        ","0"
16112,"Male",43,"Professional",70000,"Yes       ","0"
20698,"Male",42,"Skilled Manual",60000,"No        ","0"
20076,"Female",53,"Manual",10000,"Yes       ","0"
24496,"Female",28,"Skilled Manual",40000,"Yes       ","0"
15468,"Female",35,"Skilled Manual",50000,"No        ","0"
28031,"Female",59,"Management",70000,"Yes       ","0"
26270,"Female",49,"Clerical",20000,"No        ","0"
22221,"Male",48,"Professional",60000,"Yes       ","0"
28228,"Female",50,"Skilled Manual",80000,"No        ","0"
18363,"Male",28,"Skilled Manual",40000,"Yes       ","0"
23256,"Male",52,"Clerical",30000,"No        ","0"
12768,"Male",52,"Clerical",30000,"Yes       ","0"
20361,"Male",69,"Management",50000,"No        ","0"
21306,"Male",51,"Professional",60000,"No        ","0"
13382,"Male",57,"Professional",70000,"Yes       ","0"
20310,"Male",27,"Skilled Manual",60000,"Yes       ","0"
22971,"Female",25,"Skilled Manual",30000,"Yes       ","0"
15287,"Female",33,"Skilled Manual",50000,"Yes       ","0"
15532,"Male",43,"Professional",60000,"Yes       ","0"
11255,"Male",73,"Management",70000,"No        ","0"
28090,"Male",27,"Skilled Manual",40000,"No        ","0"
15255,"Male",28,"Skilled Manual",40000,"Yes       ","0"
13154,"Male",27,"Skilled Manual",40000,"Yes       ","0"
26778,"Female",31,"Skilled Manual",40000,"No        ","0"
23248,"Female",53,"Manual",10000,"No        ","0"
21417,"Female",32,"Professional",60000,"Yes       ","0"
17668,"Male",50,"Skilled Manual",30000,"Yes       ","0"
27994,"Female",69,"Professional",40000,"No        ","0"
20376,"Female",52,"Management",70000,"Yes       ","0"
25954,"Male",31,"Skilled Manual",60000,"No        ","0"
15749,"Female",61,"Management",70000,"No        ","0"
25899,"Female",53,"Professional",70000,"No        ","0"
13351,"Female",62,"Management",70000,"Yes       ","0"
23333,"Male",30,"Skilled Manual",40000,"No        ","0"
21660,"Female",43,"Professional",60000,"Yes       ","0"
17012,"Female",42,"Professional",60000,"Yes       ","0"
24514,"Male",30,"Skilled Manual",40000,"No        ","0"
27505,"Female",30,"Skilled Manual",40000,"No        ","0"
29243,"Male",43,"Management",110000,"No        ","0"
26582,"Male",33,"Skilled Manual",60000,"Yes       ","0"
14271,"Male",32,"Skilled Manual",30000,"No        ","0"
23041,"Female",50,"Professional",70000,"Yes       ","0"
29048,"Male",37,"Management",110000,"Yes       ","0"
24433,"Male",52,"Professional",70000,"Yes       ","0"
15501,"Male",36,"Professional",70000,"Yes       ","0"
13911,"Female",41,"Skilled Manual",80000,"Yes       ","0"
20421,"Female",26,"Clerical",40000,"No        ","0"
16009,"Male",66,"Management",170000,"No        ","0"
18411,"Male",51,"Professional",60000,"No        ","0"
19163,"Female",43,"Professional",70000,"Yes       ","0"
18572,"Female",39,"Professional",60000,"No        ","0"
27540,"Female",37,"Professional",70000,"Yes       ","0"
19889,"Female",54,"Skilled Manual",70000,"Yes       ","0"
12922,"Female",40,"Skilled Manual",60000,"Yes       ","0"
18891,"Female",28,"Skilled Manual",40000,"No        ","0"
16773,"Male",33,"Skilled Manual",60000,"No        ","0"
19143,"Female",41,"Skilled Manual",80000,"Yes       ","0"
23882,"Female",37,"Professional",80000,"Yes       ","0"
11233,"Male",53,"Professional",70000,"No        ","0"
12056,"Male",64,"Management",120000,"No        ","0"
15555,"Female",45,"Skilled Manual",60000,"Yes       ","0"
18423,"Male",52,"Skilled Manual",80000,"No        ","0"
22743,"Female",60,"Professional",40000,"No        ","0"
25343,"Female",50,"Clerical",20000,"No        ","0"
13390,"Female",56,"Professional",70000,"No        ","0"
17482,"Female",29,"Clerical",40000,"No        ","0"
13176,"Male",38,"Management",130000,"Yes       ","0"
20504,"Female",60,"Professional",40000,"No        ","0"
12205,"Female",67,"Management",130000,"No        ","0"
16751,"Male",32,"Skilled Manual",60000,"Yes       ","0"
21613,"Male",39,"Skilled Manual",50000,"Yes       ","0"
24801,"Male",35,"Professional",60000,"Yes       ","0"
17519,"Female",32,"Professional",60000,"No        ","0"
18347,"Female",31,"Skilled Manual",30000,"No        ","0"
29052,"Male",27,"Skilled Manual",40000,"No        ","0"
11745,"Female",47,"Professional",60000,"Yes       ","0"
19147,"Male",42,"Professional",40000,"No        ","0"
19217,"Male",49,"Skilled Manual",30000,"No        ","0"
15839,"Male",32,"Skilled Manual",30000,"No        ","0"
13714,"Female",53,"Manual",20000,"Yes       ","0"
22330,"Male",32,"Skilled Manual",50000,"Yes       ","0"
18783,"Male",38,"Management",80000,"Yes       ","0"
25041,"Male",31,"Skilled Manual",40000,"No        ","0"
22046,"Female",38,"Management",80000,"Yes       ","0"
28052,"Male",55,"Professional",60000,"No        ","0"
26693,"Male",49,"Professional",70000,"No        ","0"
24955,"Male",60,"Skilled Manual",30000,"Yes       ","0"
26065,"Female",42,"Management",110000,"No        ","0"
13942,"Male",46,"Skilled Manual",60000,"No        ","0"
11219,"Male",55,"Professional",60000,"No        ","0"
22118,"Female",53,"Management",70000,"Yes       ","0"
23197,"Male",40,"Skilled Manual",50000,"No        ","0"
14883,"Female",53,"Skilled Manual",30000,"Yes       ","0"
27279,"Female",38,"Skilled Manual",70000,"Yes       ","0"
18322,"Male",26,"Clerical",30000,"No        ","0"
15879,"Male",61,"Management",70000,"No        ","0"
28278,"Male",71,"Management",50000,"No        ","0"
24416,"Male",45,"Professional",90000,"No        ","0"
28066,"Male",37,"Professional",80000,"Yes       ","0"
11275,"Female",72,"Management",80000,"Yes       ","0"
14872,"Male",32,"Skilled Manual",30000,"No        ","0"
16151,"Female",48,"Professional",60000,"Yes       ","0"
19731,"Male",68,"Management",80000,"No        ","0"
23801,"Female",49,"Clerical",20000,"No        ","0"
11807,"Male",34,"Professional",70000,"No        ","0"
11622,"Male",32,"Skilled Manual",50000,"No        ","0"
26597,"Female",42,"Skilled Manual",60000,"No        ","0"
27074,"Female",35,"Skilled Manual",70000,"Yes       ","0"
19228,"Female",48,"Clerical",40000,"No        ","0"
13415,"Male",73,"Management",100000,"Yes       ","0"
17000,"Female",43,"Skilled Manual",70000,"Yes       ","0"
14569,"Male",35,"Professional",60000,"No        ","0"
13873,"Male",35,"Professional",70000,"Yes       ","0"
20401,"Female",64,"Management",50000,"Yes       ","0"
21583,"Female",34,"Skilled Manual",50000,"Yes       ","0"
12029,"Male",28,"Clerical",30000,"No        ","0"
18066,"Male",60,"Management",70000,"Yes       ","0"
28192,"Female",46,"Professional",70000,"No        ","0"
16122,"Male",44,"Skilled Manual",40000,"Yes       ","0"
18607,"Female",42,"Skilled Manual",60000,"Yes       ","0"
28858,"Male",40,"Skilled Manual",80000,"No        ","0"
14432,"Male",73,"Management",90000,"No        ","0"
26305,"Female",36,"Skilled Manual",60000,"Yes       ","0"
22050,"Male",38,"Management",90000,"Yes       ","0"
25394,"Male",34,"Professional",60000,"Yes       ","0"
19747,"Male",63,"Management",50000,"No        ","0"
23195,"Male",41,"Skilled Manual",50000,"Yes       ","0"
21695,"Male",39,"Skilled Manual",60000,"Yes       ","0"
13934,"Male",46,"Skilled Manual",40000,"No        ","0"
13337,"Female",64,"Management",80000,"No        ","0"
27190,"Female",32,"Clerical",40000,"No        ","0"
28657,"Male",36,"Skilled Manual",60000,"Yes       ","0"
21713,"Male",47,"Skilled Manual",80000,"No        ","0"
21752,"Male",64,"Management",60000,"No        ","0"
27273,"Male",35,"Professional",70000,"Yes       ","0"
22719,"Male",40,"Management",110000,"Yes       ","0"
22042,"Female",34,"Skilled Manual",70000,"Yes       ","0"
21451,"Female",61,"Professional",40000,"No        ","0"
20754,"Male",51,"Skilled Manual",30000,"No        ","0"
12153,"Female",49,"Professional",70000,"Yes       ","0"
16895,"Female",54,"Professional",40000,"Yes       ","0"
26728,"Male",53,"Management",70000,"Yes       ","0"
11090,"Male",48,"Professional",90000,"Yes       ","0"
15862,"Female",33,"Skilled Manual",50000,"Yes       ","0"
26495,"Female",57,"Professional",40000,"No        ","0"
11823,"Female",39,"Professional",70000,"No        ","0"
23449,"Male",48,"Professional",60000,"No        ","0"
23459,"Male",50,"Professional",60000,"No        ","0"
19543,"Male",47,"Professional",70000,"No        ","0"
14914,"Female",49,"Clerical",40000,"Yes       ","0"
12033,"Female",27,"Skilled Manual",40000,"Yes       ","0"
11941,"Male",29,"Skilled Manual",60000,"No        ","0"
14389,"Male",59,"Management",60000,"No        ","0"
18050,"Female",45,"Skilled Manual",60000,"Yes       ","0"
19856,"Female",60,"Management",60000,"No        ","0"
11663,"Male",36,"Professional",70000,"Yes       ","0"
27740,"Female",27,"Skilled Manual",40000,"No        ","0"
23455,"Male",50,"Skilled Manual",80000,"No        ","0"
15292,"Female",35,"Skilled Manual",60000,"No        ","0"
21587,"Female",34,"Skilled Manual",60000,"Yes       ","0"
23513,"Female",54,"Professional",40000,"No        ","0"
24322,"Female",42,"Skilled Manual",60000,"No        ","0"
26298,"Female",34,"Skilled Manual",50000,"Yes       ","0"
25419,"Male",38,"Skilled Manual",50000,"Yes       ","0"
13343,"Female",63,"Management",90000,"Yes       ","0"
11303,"Female",45,"Professional",90000,"Yes       ","0"
21693,"Female",40,"Skilled Manual",60000,"No        ","0"
28056,"Male",53,"Skilled Manual",70000,"No        ","0"
11788,"Female",34,"Professional",70000,"No        ","0"
22296,"Male",38,"Professional",70000,"No        ","0"
15319,"Female",59,"Management",70000,"No        ","0"
17654,"Female",30,"Clerical",40000,"Yes       ","0"
14662,"Male",48,"Professional",60000,"Yes       ","0"
17541,"Female",43,"Skilled Manual",40000,"No        ","0"
13886,"Female",35,"Professional",70000,"Yes       ","0"
13073,"Female",30,"Professional",60000,"No        ","0"
21940,"Male",47,"Professional",90000,"Yes       ","0"
20196,"Male",45,"Skilled Manual",60000,"Yes       ","0"
23491,"Male",45,"Professional",100000,"No        ","0"
16651,"Female",62,"Management",120000,"No        ","0"
16813,"Male",55,"Professional",60000,"No        ","0"
16007,"Female",66,"Management",90000,"Yes       ","0"
27434,"Male",56,"Professional",70000,"No        ","0"
27756,"Female",40,"Skilled Manual",50000,"No        ","0"
23818,"Female",33,"Skilled Manual",50000,"Yes       ","0"
19012,"Male",56,"Management",80000,"No        ","0"
18329,"Male",27,"Clerical",30000,"No        ","0"
29037,"Male",39,"Professional",60000,"No        ","0"
26576,"Female",31,"Skilled Manual",60000,"No        ","0"
12192,"Female",51,"Skilled Manual",60000,"No        ","0"
14887,"Female",52,"Clerical",30000,"No        ","0"
11734,"Male",47,"Skilled Manual",60000,"No        ","0"
17462,"Male",53,"Management",70000,"Yes       ","0"
20659,"Male",35,"Professional",70000,"Yes       ","0"
28004,"Female",66,"Management",60000,"No        ","0"
19741,"Female",65,"Management",80000,"No        ","0"
17450,"Male",45,"Professional",80000,"No        ","0"
17337,"Male",31,"Skilled Manual",40000,"No        ","0"
18594,"Female",40,"Skilled Manual",80000,"Yes       ","0"
15982,"Male",46,"Professional",110000,"No        ","0"
28625,"Male",47,"Clerical",40000,"Yes       ","0"
11269,"Male",41,"Management",130000,"No        ","0"
25148,"Male",48,"Professional",60000,"Yes       ","0"
13920,"Female",42,"Skilled Manual",50000,"No        ","0"
23704,"Male",60,"Professional",40000,"Yes       ","0"
28972,"Female",66,"Management",60000,"No        ","0"
22730,"Male",63,"Management",70000,"No        ","0"
29134,"Male",42,"Skilled Manual",60000,"No        ","0"
14332,"Female",26,"Skilled Manual",30000,"No        ","0"
19117,"Female",36,"Professional",60000,"Yes       ","0"
22864,"Male",49,"Professional",90000,"Yes       ","0"
11292,"Male",44,"Professional",150000,"Yes       ","0"
13466,"Male",46,"Professional",80000,"No        ","0"
23731,"Male",54,"Professional",60000,"Yes       ","0"
28672,"Male",35,"Professional",70000,"Yes       ","0"
11809,"Male",38,"Skilled Manual",60000,"Yes       ","0"
19664,"Male",38,"Management",100000,"No        ","0"
12121,"Male",53,"Professional",60000,"Yes       ","0"
10475,"male",44,"clerical",12000,"NO        ","0"
